<?xml version="1.0" encoding="utf-8"?>
<odoo>
    <data noupdate="1">
        <record id="op_fees_term_1" model="op.fees.terms">
            <field name="name">C-1 Fees Term</field>
            <field name="note">Course 1 Fees Terms and Condition</field>
            <field name="active" eval="True"/>
            <field name="line_ids"
                   eval="[(4, ref('op_fees_term_line_1')),(4, ref('op_fees_term_line_2')),(4, ref('op_fees_term_line_3'))]"/>
        </record>

        <record id="op_fees_term_2" model="op.fees.terms">
            <field name="name">C-2 Fees Term</field>
            <field name="note">C-2 Fees Terms and Condition</field>
            <field name="active" eval="True"/>
            <field name="line_ids" eval="[(4, ref('op_fees_term_line_4')),(4, ref('op_fees_term_line_5'))]"/>
        </record>

        <record id="op_fees_term_3" model="op.fees.terms">
            <field name="name">C-3 Fees Term</field>
            <field name="note">C-3 Fees Terms and Condition</field>
            <field name="active" eval="True"/>
            <field name="line_ids" eval="[(4, ref('op_fees_term_line_6'))]"/>
        </record>

        <record id="op_fees_term_4" model="op.fees.terms">
            <field name="name">C-4 Fees Term</field>
            <field name="note">C-4 Fees Terms and Condition</field>
            <field name="active" eval="True"/>
            <field name="line_ids" eval="[(4, ref('op_fees_term_line_7'))]"/>
        </record>
    </data>
</odoo>
