<?xml version="1.0" encoding="utf-8"?>
<odoo>
    <data noupdate="1">
        <record id="op_fees_term_line_1" model="op.fees.terms.line">
            <field name="due_days">15</field>
            <field name="value">30.0</field>
            <field name="fees_element_line"
                   eval="[(4, ref('openeducat_fees.op_fees_element_line_5')),(4, ref('openeducat_fees.op_fees_element_line_6'))]"/>
        </record>

        <record id="op_fees_term_line_2" model="op.fees.terms.line">
            <field name="due_days">30</field>
            <field name="value">30.0</field>
            <field name="fees_element_line"
                   eval="[(4, ref('openeducat_fees.op_fees_element_line_7')),(4, ref('openeducat_fees.op_fees_element_line_8'))]"/>
        </record>

        <record id="op_fees_term_line_3" model="op.fees.terms.line">
            <field name="due_days">60</field>
            <field name="value">40.0</field>
            <field name="fees_element_line"
                   eval="[(4, ref('openeducat_fees.op_fees_element_line_9')),(4, ref('openeducat_fees.op_fees_element_line_10'))]"/>
        </record>

        <record id="op_fees_term_line_4" model="op.fees.terms.line">
            <field name="due_days">30</field>
            <field name="value">50.0</field>
            <field name="fees_element_line"
                   eval="[(4, ref('openeducat_fees.op_fees_element_line_3')),(4, ref('openeducat_fees.op_fees_element_line_4'))]"/>
        </record>

        <record id="op_fees_term_line_5" model="op.fees.terms.line">
            <field name="due_days">30</field>
            <field name="value">50.0</field>
            <field name="fees_element_line"
                   eval="[(4, ref('openeducat_fees.op_fees_element_line_11')),(4, ref('openeducat_fees.op_fees_element_line_12'))]"/>
        </record>

        <record id="op_fees_term_line_6" model="op.fees.terms.line">
            <field name="due_days">30</field>
            <field name="value">100.0</field>
            <field name="fees_element_line"
                   eval="[(4, ref('openeducat_fees.op_fees_element_line_1')),(4, ref('openeducat_fees.op_fees_element_line_2'))]"/>
        </record>

        <record id="op_fees_term_line_7" model="op.fees.terms.line">
            <field name="due_days">15</field>
            <field name="value">100.0</field>
            <field name="fees_element_line"
                   eval="[(4, ref('openeducat_fees.op_fees_element_line_13')),(4, ref('openeducat_fees.op_fees_element_line_14'))]"/>
        </record>
    </data>
</odoo>
